{"cameraMode":{"drawMode":0,"name":"Shaded","section":"Shading Mode"},"sceneLighting":false,"audioPlay":false,"sceneViewState":{"showFog":true,"showMaterialUpdate":false,"showSkybox":true,"showFlares":true,"showImageEffects":true,"showParticleSystems":true},"in2DMode":false,"pivot":{"x":0.0,"y":0.8507280349731445,"z":0.03170841932296753},"rotation":{"x":0.0237265657633543,"y":0.9752906560897827,"z":-0.13129252195358277,"w":0.17608971893787385},"size":8.664377212524414,"orthographic":false}