{"cameraMode":{"drawMode":0,"name":"Shaded","section":"Shading Mode"},"sceneLighting":false,"audioPlay":false,"sceneViewState":{"showFog":false,"showMaterialUpdate":false,"showSkybox":false,"showFlares":false,"showImageEffects":false,"showParticleSystems":false},"in2DMode":false,"pivot":{"x":-31.50851821899414,"y":3.406625270843506,"z":19.768022537231447},"rotation":{"x":0.13227614760398866,"y":0.5874006748199463,"z":-0.09788452088832855,"w":0.7923901677131653},"size":13.758923530578614,"orthographic":true}