{"cameraMode":{"drawMode":0,"name":"Shaded","section":"Shading Mode"},"sceneLighting":false,"audioPlay":false,"sceneViewState":{"showFog":false,"showMaterialUpdate":false,"showSkybox":false,"showFlares":false,"showImageEffects":false,"showParticleSystems":false},"in2DMode":false,"pivot":{"x":-22.715614318847658,"y":3.2644386291503908,"z":27.450519561767579},"rotation":{"x":0.017870645970106126,"y":-0.7526333928108215,"z":0.020642777904868127,"w":0.6578735709190369},"size":8.191739082336426,"orthographic":true}