{"cameraMode":{"drawMode":0,"name":"Shaded","section":"Shading Mode"},"sceneLighting":false,"audioPlay":false,"sceneViewState":{"showFog":true,"showMaterialUpdate":false,"showSkybox":true,"showFlares":true,"showImageEffects":true,"showParticleSystems":true},"in2DMode":false,"pivot":{"x":-4.419532775878906,"y":0.7179999947547913,"z":1.9129999876022339},"rotation":{"x":0.3018290400505066,"y":-0.23539261519908906,"z":0.0771966278553009,"w":0.9206141233444214},"size":3.1513733863830568,"orthographic":false}