{"cameraMode":{"drawMode":0,"name":"Shaded","section":"Shading Mode"},"sceneLighting":false,"audioPlay":false,"sceneViewState":{"showFog":false,"showMaterialUpdate":false,"showSkybox":false,"showFlares":false,"showImageEffects":false,"showParticleSystems":false},"in2DMode":false,"pivot":{"x":-36.80979537963867,"y":3.6281228065490724,"z":-3.38919734954834},"rotation":{"x":0.017870645970106126,"y":-0.7526333928108215,"z":0.020642777904868127,"w":0.6578735709190369},"size":21.417226791381837,"orthographic":true}