{"cameraMode":{"drawMode":0,"name":"Shaded","section":"Shading Mode"},"sceneLighting":false,"audioPlay":false,"sceneViewState":{"showFog":true,"showMaterialUpdate":false,"showSkybox":true,"showFlares":true,"showImageEffects":true,"showParticleSystems":true},"in2DMode":false,"pivot":{"x":-33.026371002197269,"y":1.6006138324737549,"z":-3.8649282455444338},"rotation":{"x":0.008864264003932476,"y":-0.8119269013404846,"z":0.012480751611292363,"w":0.5835584402084351},"size":7.873448371887207,"orthographic":false}