{"cameraMode":{"drawMode":0,"name":"Shaded","section":"Shading Mode"},"sceneLighting":false,"audioPlay":false,"sceneViewState":{"showFog":true,"showMaterialUpdate":false,"showSkybox":true,"showFlares":true,"showImageEffects":true,"showParticleSystems":true},"in2DMode":false,"pivot":{"x":-0.00012683868408203125,"y":0.042597174644470218,"z":-0.00009250640869140625},"rotation":{"x":0.1550215631723404,"y":-0.7166856527328491,"z":0.16888998448848725,"w":0.658639669418335},"size":33.312442779541019,"orthographic":false}