{"cameraMode":{"drawMode":0,"name":"Shaded","section":"Shading Mode"},"sceneLighting":false,"audioPlay":false,"sceneViewState":{"showFog":true,"showMaterialUpdate":false,"showSkybox":true,"showFlares":true,"showImageEffects":true,"showParticleSystems":true},"in2DMode":false,"pivot":{"x":-8.829317092895508,"y":0.14300000667572022,"z":12.53346061706543},"rotation":{"x":-0.21018177270889283,"y":-0.2948368787765503,"z":0.0666225403547287,"w":-0.9297614097595215},"size":0.26290589570999148,"orthographic":false}