{"cameraMode":{"drawMode":0,"name":"Shaded","section":"Shading Mode"},"sceneLighting":false,"audioPlay":false,"sceneViewState":{"showFog":true,"showMaterialUpdate":false,"showSkybox":true,"showFlares":true,"showImageEffects":true,"showParticleSystems":true},"in2DMode":false,"pivot":{"x":-4.064000129699707,"y":0.678409993648529,"z":1.0207122564315797},"rotation":{"x":0.0237265657633543,"y":0.9752906560897827,"z":-0.13129252195358277,"w":0.17608971893787385},"size":2.0492756366729738,"orthographic":false}