{"cameraMode":{"drawMode":0,"name":"Shaded","section":"Shading Mode"},"sceneLighting":false,"audioPlay":false,"sceneViewState":{"showFog":true,"showMaterialUpdate":false,"showSkybox":true,"showFlares":true,"showImageEffects":true,"showParticleSystems":true},"in2DMode":false,"pivot":{"x":-5.583000183105469,"y":0.6815000176429749,"z":0.9559999704360962},"rotation":{"x":0.0237265657633543,"y":0.9752906560897827,"z":-0.13129252195358277,"w":0.17608971893787385},"size":3.1100332736968996,"orthographic":false}