{"cameraMode":{"drawMode":0,"name":"Shaded","section":"Shading Mode"},"sceneLighting":false,"audioPlay":false,"sceneViewState":{"showFog":false,"showMaterialUpdate":false,"showSkybox":false,"showFlares":false,"showImageEffects":false,"showParticleSystems":false},"in2DMode":false,"pivot":{"x":-13.851980209350586,"y":0.4032028317451477,"z":0.7111042737960815},"rotation":{"x":-0.007550560869276524,"y":-0.9797065854072571,"z":0.19686421751976014,"w":-0.0369141660630703},"size":1.7773972749710084,"orthographic":true}