{"cameraMode":{"drawMode":0,"name":"Shaded","section":"Shading Mode"},"sceneLighting":true,"audioPlay":false,"sceneViewState":{"showFog":false,"showMaterialUpdate":false,"showSkybox":false,"showFlares":false,"showImageEffects":false,"showParticleSystems":false},"in2DMode":false,"pivot":{"x":-17.071250915527345,"y":3.0430002212524416,"z":12.729328155517579},"rotation":{"x":0.05870268493890762,"y":-0.9046735167503357,"z":0.13290341198444367,"w":0.40057042241096499},"size":40.45048904418945,"orthographic":true}