{"cameraMode":{"drawMode":0,"name":"Shaded","section":"Shading Mode"},"sceneLighting":false,"audioPlay":false,"sceneViewState":{"showFog":false,"showMaterialUpdate":false,"showSkybox":false,"showFlares":false,"showImageEffects":false,"showParticleSystems":false},"in2DMode":false,"pivot":{"x":-19.826000213623048,"y":2.505000114440918,"z":26.3700008392334},"rotation":{"x":0.05870268493890762,"y":-0.9046735167503357,"z":0.13290341198444367,"w":0.40057042241096499},"size":3.1001529693603517,"orthographic":true}