{"cameraMode":{"drawMode":0,"name":"Shaded","section":"Shading Mode"},"sceneLighting":false,"audioPlay":false,"sceneViewState":{"showFog":true,"showMaterialUpdate":false,"showSkybox":true,"showFlares":true,"showImageEffects":true,"showParticleSystems":true},"in2DMode":false,"pivot":{"x":-5.6397833824157719,"y":6.22769832611084,"z":64.35448455810547},"rotation":{"x":0.02474259026348591,"y":0.9616211652755737,"z":-0.2571614384651184,"w":0.09241525083780289},"size":5.26997709274292,"orthographic":false}