{"cameraMode":{"drawMode":0,"name":"Shaded","section":"Shading Mode"},"sceneLighting":false,"audioPlay":false,"sceneViewState":{"showFog":false,"showMaterialUpdate":false,"showSkybox":false,"showFlares":false,"showImageEffects":false,"showParticleSystems":false},"in2DMode":false,"pivot":{"x":-34.42845916748047,"y":1.3773289918899537,"z":-2.330415725708008},"rotation":{"x":0.13227614760398866,"y":0.5874006748199463,"z":-0.09788452088832855,"w":0.7923901677131653},"size":8.079855918884278,"orthographic":true}