{"cameraMode":{"drawMode":0,"name":"Shaded","section":"Shading Mode"},"sceneLighting":false,"audioPlay":false,"sceneViewState":{"showFog":false,"showMaterialUpdate":false,"showSkybox":false,"showFlares":false,"showImageEffects":false,"showParticleSystems":false},"in2DMode":false,"pivot":{"x":-31.477575302124025,"y":2.4200000762939455,"z":-1.376223087310791},"rotation":{"x":-0.007550560869276524,"y":-0.9797065854072571,"z":0.19686421751976014,"w":-0.0369141660630703},"size":13.211552619934082,"orthographic":true}