{"cameraMode":{"drawMode":0,"name":"Shaded","section":"Shading Mode"},"sceneLighting":false,"audioPlay":false,"sceneViewState":{"showFog":false,"showMaterialUpdate":false,"showSkybox":false,"showFlares":false,"showImageEffects":false,"showParticleSystems":false},"in2DMode":false,"pivot":{"x":-19.969999313354493,"y":1.523906946182251,"z":25.41114044189453},"rotation":{"x":0.05870268493890762,"y":-0.9046735167503357,"z":0.13290341198444367,"w":0.40057042241096499},"size":5.128780364990234,"orthographic":true}