{"cameraMode":{"drawMode":0,"name":"Shaded","section":"Shading Mode"},"sceneLighting":false,"audioPlay":false,"sceneViewState":{"showFog":false,"showMaterialUpdate":false,"showSkybox":false,"showFlares":false,"showImageEffects":false,"showParticleSystems":false},"in2DMode":false,"pivot":{"x":-32.250457763671878,"y":1.8132323026657105,"z":5.271816253662109},"rotation":{"x":-0.007550560869276524,"y":-0.9797065854072571,"z":0.19686421751976014,"w":-0.0369141660630703},"size":11.343538284301758,"orthographic":true}