{"cameraMode":{"drawMode":0,"name":"Shaded","section":"Shading Mode"},"sceneLighting":false,"audioPlay":false,"sceneViewState":{"showFog":false,"showMaterialUpdate":false,"showSkybox":false,"showFlares":false,"showImageEffects":false,"showParticleSystems":false},"in2DMode":false,"pivot":{"x":-23.770000457763673,"y":2.2699999809265138,"z":-3.0900001525878908},"rotation":{"x":-0.007550560869276524,"y":-0.9797065854072571,"z":0.19686421751976014,"w":-0.0369141660630703},"size":11.352773666381836,"orthographic":true}