{"cameraMode":{"drawMode":0,"name":"Shaded","section":"Shading Mode"},"sceneLighting":false,"audioPlay":false,"sceneViewState":{"showFog":false,"showMaterialUpdate":false,"showSkybox":false,"showFlares":false,"showImageEffects":false,"showParticleSystems":false},"in2DMode":false,"pivot":{"x":-28.07164764404297,"y":2.240000009536743,"z":-2.795959234237671},"rotation":{"x":-0.007550560869276524,"y":-0.9797065854072571,"z":0.19686421751976014,"w":-0.0369141660630703},"size":11.513016700744629,"orthographic":true}