{"cameraMode":{"drawMode":0,"name":"Shaded","section":"Shading Mode"},"sceneLighting":false,"audioPlay":false,"sceneViewState":{"showFog":true,"showMaterialUpdate":false,"showSkybox":true,"showFlares":true,"showImageEffects":true,"showParticleSystems":true},"in2DMode":false,"pivot":{"x":-10.94998550415039,"y":0.5826818943023682,"z":8.11922836303711},"rotation":{"x":0.1843443661928177,"y":0.7830082178115845,"z":-0.27372679114341738,"w":0.5272465348243713},"size":2.1708667278289797,"orthographic":false}