{"cameraMode":{"drawMode":0,"name":"Shaded","section":"Shading Mode"},"sceneLighting":false,"audioPlay":false,"sceneViewState":{"showFog":true,"showMaterialUpdate":false,"showSkybox":true,"showFlares":true,"showImageEffects":true,"showParticleSystems":true},"in2DMode":false,"pivot":{"x":0.438856840133667,"y":2.0448684692382814,"z":0.0397646427154541},"rotation":{"x":-0.05544251576066017,"y":-0.8439779281616211,"z":0.08895129710435868,"w":-0.5260372161865234},"size":4.038283824920654,"orthographic":false}