{"cameraMode":{"drawMode":0,"name":"Shaded","section":"Shading Mode"},"sceneLighting":false,"audioPlay":false,"sceneViewState":{"showFog":true,"showMaterialUpdate":false,"showSkybox":true,"showFlares":true,"showImageEffects":true,"showParticleSystems":true},"in2DMode":false,"pivot":{"x":-19.896886825561525,"y":-2.221254587173462,"z":36.84623336791992},"rotation":{"x":0.05596157908439636,"y":-0.825838029384613,"z":0.08328711241483689,"w":0.554908275604248},"size":19.821996688842775,"orthographic":false}