{"cameraMode":{"drawMode":0,"name":"Shaded","section":"Shading Mode"},"sceneLighting":false,"audioPlay":false,"sceneViewState":{"showFog":true,"showMaterialUpdate":false,"showSkybox":true,"showFlares":true,"showImageEffects":true,"showParticleSystems":true},"in2DMode":false,"pivot":{"x":-159.98477172851563,"y":-63.18710708618164,"z":-338.5144958496094},"rotation":{"x":0.01767025887966156,"y":-0.9741328954696655,"z":0.0820436030626297,"w":0.20981372892856599},"size":429.2596435546875,"orthographic":false}