{"cameraMode":{"drawMode":0,"name":"Shaded","section":"Shading Mode"},"sceneLighting":false,"audioPlay":false,"sceneViewState":{"showFog":true,"showMaterialUpdate":false,"showSkybox":true,"showFlares":true,"showImageEffects":true,"showParticleSystems":true},"in2DMode":false,"pivot":{"x":-0.0009000301361083984,"y":-0.0022999048233032228,"z":-0.0004999637603759766},"rotation":{"x":0.19069206714630128,"y":0.6248850226402283,"z":-0.16110920906066895,"w":0.7397290468215942},"size":8.755329132080079,"orthographic":false}