{"cameraMode":{"drawMode":0,"name":"Shaded","section":"Shading Mode"},"sceneLighting":false,"audioPlay":false,"sceneViewState":{"showFog":true,"showMaterialUpdate":false,"showSkybox":true,"showFlares":true,"showImageEffects":true,"showParticleSystems":true},"in2DMode":false,"pivot":{"x":277.6722412109375,"y":2.0679447650909426,"z":480.00006103515627},"rotation":{"x":0.37211179733276369,"y":-0.010270199738442898,"z":0.00409969175234437,"w":0.9281220436096191},"size":11.873333930969239,"orthographic":false}