{"cameraMode":{"drawMode":0,"name":"Shaded","section":"Shading Mode"},"sceneLighting":false,"audioPlay":false,"sceneViewState":{"showFog":true,"showMaterialUpdate":false,"showSkybox":true,"showFlares":true,"showImageEffects":true,"showParticleSystems":true},"in2DMode":false,"pivot":{"x":17.96026611328125,"y":3.489835500717163,"z":60.43280029296875},"rotation":{"x":-0.11226139217615128,"y":-0.4054829478263855,"z":0.05025390535593033,"w":-0.9057900309562683},"size":75.1390609741211,"orthographic":false}