{"cameraMode":{"drawMode":0,"name":"Shaded","section":"Shading Mode"},"sceneLighting":false,"audioPlay":false,"sceneViewState":{"showFog":true,"showMaterialUpdate":false,"showSkybox":true,"showFlares":true,"showImageEffects":true,"showParticleSystems":true},"in2DMode":false,"pivot":{"x":23.90999984741211,"y":8.925110816955567,"z":68.30000305175781},"rotation":{"x":0.011722045950591565,"y":0.5281636118888855,"z":-0.007294563110917807,"w":0.8490303754806519},"size":2.922065496444702,"orthographic":false}