{"cameraMode":{"drawMode":0,"name":"Shaded","section":"Shading Mode"},"sceneLighting":false,"audioPlay":false,"sceneViewState":{"showFog":true,"showMaterialUpdate":false,"showSkybox":true,"showFlares":true,"showImageEffects":true,"showParticleSystems":true},"in2DMode":false,"pivot":{"x":-31.50851821899414,"y":3.406625270843506,"z":19.768022537231447},"rotation":{"x":-0.07273130863904953,"y":0.9199046492576599,"z":-0.2050376832485199,"w":-0.32625943422317507},"size":13.758923530578614,"orthographic":false}