{"cameraMode":{"drawMode":0,"name":"Shaded","section":"Shading Mode"},"sceneLighting":false,"audioPlay":false,"sceneViewState":{"showFog":true,"showMaterialUpdate":false,"showSkybox":true,"showFlares":true,"showImageEffects":true,"showParticleSystems":true},"in2DMode":false,"pivot":{"x":294.1057434082031,"y":1.8695358037948609,"z":490.4729309082031},"rotation":{"x":-0.30627065896987917,"y":0.11867722868919373,"z":-0.03851383179426193,"w":-0.9437323212623596},"size":10.40168571472168,"orthographic":false}