{"cameraMode":{"drawMode":0,"name":"Shaded","section":"Shading Mode"},"sceneLighting":false,"audioPlay":false,"sceneViewState":{"showFog":true,"showMaterialUpdate":false,"showSkybox":true,"showFlares":true,"showImageEffects":true,"showParticleSystems":true},"in2DMode":false,"pivot":{"x":13.478400230407715,"y":3.5294833183288576,"z":60.06719970703125},"rotation":{"x":0.10930188000202179,"y":-0.07150887697935105,"z":0.007878671400249005,"w":0.9914018511772156},"size":4.332815170288086,"orthographic":false}