{"cameraMode":{"drawMode":0,"name":"Shaded","section":"Shading Mode"},"sceneLighting":false,"audioPlay":false,"sceneViewState":{"showFog":true,"showMaterialUpdate":false,"showSkybox":true,"showFlares":true,"showImageEffects":true,"showParticleSystems":true},"in2DMode":false,"pivot":{"x":58.11974334716797,"y":2.9240522384643556,"z":64.02477264404297},"rotation":{"x":-0.013127210550010205,"y":0.9842937588691711,"z":-0.08319700509309769,"w":-0.15515097975730897},"size":11.629756927490235,"orthographic":false}