{"cameraMode":{"drawMode":0,"name":"Shaded","section":"Shading Mode"},"sceneLighting":false,"audioPlay":false,"sceneViewState":{"showFog":true,"showMaterialUpdate":false,"showSkybox":true,"showFlares":true,"showImageEffects":true,"showParticleSystems":true},"in2DMode":false,"pivot":{"x":14.691474914550782,"y":4.329999923706055,"z":3.340786933898926},"rotation":{"x":-0.5891459584236145,"y":0.02350393310189247,"z":-0.017147338017821313,"w":-0.8075027465820313},"size":9.899995803833008,"orthographic":false}