{"cameraMode":{"drawMode":0,"name":"Shaded","section":"Shading Mode"},"sceneLighting":false,"audioPlay":false,"sceneViewState":{"showFog":true,"showMaterialUpdate":false,"showSkybox":true,"showFlares":true,"showImageEffects":true,"showParticleSystems":true},"in2DMode":false,"pivot":{"x":257.50518798828127,"y":1.606506586074829,"z":481.4106750488281},"rotation":{"x":0.37211179733276369,"y":-0.010270199738442898,"z":0.00409969175234437,"w":0.9281220436096191},"size":11.358278274536133,"orthographic":false}