{"cameraMode":{"drawMode":0,"name":"Shaded","section":"Shading Mode"},"sceneLighting":false,"audioPlay":false,"sceneViewState":{"showFog":true,"showMaterialUpdate":false,"showSkybox":true,"showFlares":true,"showImageEffects":true,"showParticleSystems":true},"in2DMode":false,"pivot":{"x":289.6357421875,"y":2.9124398231506349,"z":483.6129150390625},"rotation":{"x":0.19226936995983125,"y":0.5451430082321167,"z":-0.13013508915901185,"w":0.8055534958839417},"size":11.357653617858887,"orthographic":false}