{"cameraMode":{"drawMode":0,"name":"Shaded","section":"Shading Mode"},"sceneLighting":false,"audioPlay":false,"sceneViewState":{"showFog":true,"showMaterialUpdate":false,"showSkybox":true,"showFlares":true,"showImageEffects":true,"showParticleSystems":true},"in2DMode":false,"pivot":{"x":-31.477575302124025,"y":2.4200000762939455,"z":-1.376223087310791},"rotation":{"x":-0.08289014548063278,"y":0.9120727777481079,"z":-0.22930389642715455,"w":-0.3296546936035156},"size":13.211552619934082,"orthographic":false}