{"cameraMode":{"drawMode":0,"name":"Shaded","section":"Shading Mode"},"sceneLighting":false,"audioPlay":false,"sceneViewState":{"showFog":true,"showMaterialUpdate":false,"showSkybox":true,"showFlares":true,"showImageEffects":true,"showParticleSystems":true},"in2DMode":false,"pivot":{"x":289.5131530761719,"y":2.405540943145752,"z":483.1599426269531},"rotation":{"x":-0.30627065896987917,"y":0.11867722868919373,"z":-0.03851383179426193,"w":-0.9437323212623596},"size":13.138387680053711,"orthographic":false}