{"cameraMode":{"drawMode":0,"name":"Shaded","section":"Shading Mode"},"sceneLighting":false,"audioPlay":false,"sceneViewState":{"showFog":true,"showMaterialUpdate":false,"showSkybox":true,"showFlares":true,"showImageEffects":true,"showParticleSystems":true},"in2DMode":false,"pivot":{"x":283.1431579589844,"y":5.270432472229004,"z":489.2899169921875},"rotation":{"x":0.03283717483282089,"y":-0.16564367711544038,"z":0.005534391384571791,"w":0.985623300075531},"size":13.129968643188477,"orthographic":false}