{"cameraMode":{"drawMode":0,"name":"Shaded","section":"Shading Mode"},"sceneLighting":false,"audioPlay":false,"sceneViewState":{"showFog":true,"showMaterialUpdate":false,"showSkybox":true,"showFlares":true,"showImageEffects":true,"showParticleSystems":true},"in2DMode":false,"pivot":{"x":22.505889892578126,"y":4.0375542640686039,"z":65.25377655029297},"rotation":{"x":0.03283717483282089,"y":-0.16564367711544038,"z":0.005534391384571791,"w":0.985623300075531},"size":12.967538833618164,"orthographic":false}