{"cameraMode":{"drawMode":0,"name":"Shaded","section":"Shading Mode"},"sceneLighting":false,"audioPlay":false,"sceneViewState":{"showFog":true,"showMaterialUpdate":false,"showSkybox":true,"showFlares":true,"showImageEffects":true,"showParticleSystems":true},"in2DMode":false,"pivot":{"x":-13.851980209350586,"y":0.4032028317451477,"z":0.7111042737960815},"rotation":{"x":-0.08289014548063278,"y":0.9120727777481079,"z":-0.22930389642715455,"w":-0.3296546936035156},"size":1.7773972749710084,"orthographic":false}