{"cameraMode":{"drawMode":0,"name":"Shaded","section":"Shading Mode"},"sceneLighting":false,"audioPlay":false,"sceneViewState":{"showFog":true,"showMaterialUpdate":false,"showSkybox":true,"showFlares":true,"showImageEffects":true,"showParticleSystems":true},"in2DMode":false,"pivot":{"x":6.334657669067383,"y":3.431999921798706,"z":-7.295000076293945},"rotation":{"x":-0.05309008061885834,"y":-0.7736249566078186,"z":0.06536495685577393,"w":-0.6280232667922974},"size":4.680460453033447,"orthographic":false}