{"cameraMode":{"drawMode":0,"name":"Shaded","section":"Shading Mode"},"sceneLighting":false,"audioPlay":false,"sceneViewState":{"showFog":true,"showMaterialUpdate":false,"showSkybox":true,"showFlares":true,"showImageEffects":true,"showParticleSystems":true},"in2DMode":false,"pivot":{"x":-69.09101867675781,"y":2.83316969871521,"z":8.148510932922364},"rotation":{"x":0.000026585250452626497,"y":-0.9999616742134094,"z":0.00331171159632504,"w":0.008104640990495682},"size":3.06834077835083,"orthographic":false}