{"cameraMode":{"drawMode":0,"name":"Shaded","section":"Shading Mode"},"sceneLighting":false,"audioPlay":false,"sceneViewState":{"showFog":true,"showMaterialUpdate":false,"showSkybox":true,"showFlares":true,"showImageEffects":true,"showParticleSystems":true},"in2DMode":false,"pivot":{"x":-19.826000213623048,"y":2.505000114440918,"z":26.3700008392334},"rotation":{"x":-0.2783236503601074,"y":0.6676011681556702,"z":-0.2983851730823517,"w":-0.6227447390556336},"size":3.1001529693603517,"orthographic":false}