{"cameraMode":{"drawMode":0,"name":"Shaded","section":"Shading Mode"},"sceneLighting":false,"audioPlay":false,"sceneViewState":{"showFog":true,"showMaterialUpdate":false,"showSkybox":true,"showFlares":true,"showImageEffects":true,"showParticleSystems":true},"in2DMode":false,"pivot":{"x":-22.715614318847658,"y":3.2644386291503908,"z":27.450519561767579},"rotation":{"x":0.19862602651119233,"y":0.6357921957969666,"z":-0.17411257326602937,"w":0.7252591848373413},"size":8.191739082336426,"orthographic":false}