{"cameraMode":{"drawMode":0,"name":"Shaded","section":"Shading Mode"},"sceneLighting":false,"audioPlay":false,"sceneViewState":{"showFog":true,"showMaterialUpdate":false,"showSkybox":true,"showFlares":true,"showImageEffects":true,"showParticleSystems":true},"in2DMode":false,"pivot":{"x":-36.80979537963867,"y":3.6281228065490724,"z":-3.38919734954834},"rotation":{"x":0.19862602651119233,"y":0.6357921957969666,"z":-0.17411257326602937,"w":0.7252591848373413},"size":21.417226791381837,"orthographic":false}