{"cameraMode":{"drawMode":0,"name":"Shaded","section":"Shading Mode"},"sceneLighting":false,"audioPlay":false,"sceneViewState":{"showFog":true,"showMaterialUpdate":false,"showSkybox":true,"showFlares":true,"showImageEffects":true,"showParticleSystems":true},"in2DMode":false,"pivot":{"x":-28.07164764404297,"y":2.240000009536743,"z":-2.795959234237671},"rotation":{"x":-0.08289014548063278,"y":0.9120727777481079,"z":-0.22930389642715455,"w":-0.3296546936035156},"size":11.513016700744629,"orthographic":false}