{"cameraMode":{"drawMode":0,"name":"Shaded","section":"Shading Mode"},"sceneLighting":false,"audioPlay":false,"sceneViewState":{"showFog":true,"showMaterialUpdate":false,"showSkybox":true,"showFlares":true,"showImageEffects":true,"showParticleSystems":true},"in2DMode":false,"pivot":{"x":293.0253601074219,"y":2.605541706085205,"z":482.3018798828125},"rotation":{"x":-0.30627065896987917,"y":0.11867722868919373,"z":-0.03851383179426193,"w":-0.9437323212623596},"size":14.177605628967286,"orthographic":false}