{"cameraMode":{"drawMode":0,"name":"Shaded","section":"Shading Mode"},"sceneLighting":false,"audioPlay":false,"sceneViewState":{"showFog":true,"showMaterialUpdate":false,"showSkybox":true,"showFlares":true,"showImageEffects":true,"showParticleSystems":true},"in2DMode":false,"pivot":{"x":1.315000057220459,"y":0.5600000023841858,"z":0.40400001406669619},"rotation":{"x":-0.007422993890941143,"y":0.9660342335700989,"z":-0.25680068135261538,"w":-0.027861716225743295},"size":22.0,"orthographic":false}