{"cameraMode":{"drawMode":0,"name":"Shaded","section":"Shading Mode"},"sceneLighting":false,"audioPlay":false,"sceneViewState":{"showFog":true,"showMaterialUpdate":false,"showSkybox":true,"showFlares":true,"showImageEffects":true,"showParticleSystems":true},"in2DMode":false,"pivot":{"x":-76.5999984741211,"y":0.6600000262260437,"z":8.390000343322754},"rotation":{"x":-0.01419882569462061,"y":-0.9571078419685364,"z":0.28543126583099368,"w":-0.04766564071178436},"size":22.0,"orthographic":false}