{"cameraMode":{"drawMode":0,"name":"Shaded","section":"Shading Mode"},"sceneLighting":false,"audioPlay":false,"sceneViewState":{"showFog":true,"showMaterialUpdate":false,"showSkybox":true,"showFlares":true,"showImageEffects":true,"showParticleSystems":true},"in2DMode":false,"pivot":{"x":-19.969999313354493,"y":1.523906946182251,"z":25.41114044189453},"rotation":{"x":-0.2783236503601074,"y":0.6676011681556702,"z":-0.2983851730823517,"w":-0.6227447390556336},"size":5.128780364990234,"orthographic":false}