{"cameraMode":{"drawMode":0,"name":"Shaded","section":"Shading Mode"},"sceneLighting":false,"audioPlay":false,"sceneViewState":{"showFog":true,"showMaterialUpdate":false,"showSkybox":true,"showFlares":true,"showImageEffects":true,"showParticleSystems":true},"in2DMode":false,"pivot":{"x":72.56672668457031,"y":6.989999771118164,"z":77.33000183105469},"rotation":{"x":-0.296101838350296,"y":-0.08382902294397354,"z":0.026075463742017747,"w":-0.9511132836341858},"size":2.611193895339966,"orthographic":false}