{"cameraMode":{"drawMode":0,"name":"Shaded","section":"Shading Mode"},"sceneLighting":false,"audioPlay":false,"sceneViewState":{"showFog":true,"showMaterialUpdate":false,"showSkybox":true,"showFlares":true,"showImageEffects":true,"showParticleSystems":true},"in2DMode":false,"pivot":{"x":5.687225341796875,"y":4.088291168212891,"z":3.013765335083008},"rotation":{"x":-0.18719880282878877,"y":0.1979864537715912,"z":-0.038550786674022678,"w":-0.9613905549049377},"size":6.151607990264893,"orthographic":false}