{"cameraMode":{"drawMode":0,"name":"Shaded","section":"Shading Mode"},"sceneLighting":false,"audioPlay":false,"sceneViewState":{"showFog":true,"showMaterialUpdate":false,"showSkybox":true,"showFlares":true,"showImageEffects":true,"showParticleSystems":true},"in2DMode":false,"pivot":{"x":54.25016403198242,"y":1.0853837728500367,"z":67.9188461303711},"rotation":{"x":0.004839043598622084,"y":0.9754775166511536,"z":-0.21898086369037629,"w":0.021625127643346788},"size":4.063824653625488,"orthographic":false}