{"cameraMode":{"drawMode":0,"name":"Shaded","section":"Shading Mode"},"sceneLighting":false,"audioPlay":false,"sceneViewState":{"showFog":true,"showMaterialUpdate":false,"showSkybox":true,"showFlares":true,"showImageEffects":true,"showParticleSystems":true},"in2DMode":false,"pivot":{"x":-23.770000457763673,"y":2.2699999809265138,"z":-3.0900001525878908},"rotation":{"x":-0.08289014548063278,"y":0.9120727777481079,"z":-0.22930389642715455,"w":-0.3296546936035156},"size":11.352773666381836,"orthographic":false}