{"cameraMode":{"drawMode":0,"name":"Shaded","section":"Shading Mode"},"sceneLighting":false,"audioPlay":false,"sceneViewState":{"showFog":true,"showMaterialUpdate":false,"showSkybox":true,"showFlares":true,"showImageEffects":true,"showParticleSystems":true},"in2DMode":false,"pivot":{"x":1.9279999732971192,"y":0.007000000216066837,"z":4.429999828338623},"rotation":{"x":-0.5891459584236145,"y":0.02350393310189247,"z":-0.017147338017821313,"w":-0.8075027465820313},"size":2.3334522247314455,"orthographic":false}