{"cameraMode":{"drawMode":0,"name":"Shaded","section":"Shading Mode"},"sceneLighting":false,"audioPlay":false,"sceneViewState":{"showFog":true,"showMaterialUpdate":false,"showSkybox":true,"showFlares":true,"showImageEffects":true,"showParticleSystems":true},"in2DMode":false,"pivot":{"x":-8.829317092895508,"y":0.14300000667572022,"z":12.53346061706543},"rotation":{"x":-0.08289014548063278,"y":0.9120727777481079,"z":-0.22930389642715455,"w":-0.3296546936035156},"size":0.26290589570999148,"orthographic":false}