{"cameraMode":{"drawMode":0,"name":"Shaded","section":"Shading Mode"},"sceneLighting":false,"audioPlay":false,"sceneViewState":{"showFog":true,"showMaterialUpdate":false,"showSkybox":true,"showFlares":true,"showImageEffects":true,"showParticleSystems":true},"in2DMode":false,"pivot":{"x":294.24224853515627,"y":2.5151963233947756,"z":481.6800537109375},"rotation":{"x":0.03283717483282089,"y":-0.16564367711544038,"z":0.005534391384571791,"w":0.985623300075531},"size":11.826168060302735,"orthographic":false}