{"cameraMode":{"drawMode":0,"name":"Shaded","section":"Shading Mode"},"sceneLighting":false,"audioPlay":false,"sceneViewState":{"showFog":true,"showMaterialUpdate":false,"showSkybox":true,"showFlares":true,"showImageEffects":true,"showParticleSystems":true},"in2DMode":false,"pivot":{"x":-0.0009000301361083984,"y":-0.0022999048233032228,"z":-0.0004999637603759766},"rotation":{"x":-0.16729070246219636,"y":-0.7556924819946289,"z":0.2118259072303772,"w":-0.5967180728912354},"size":8.755329132080079,"orthographic":false}