{"cameraMode":{"drawMode":0,"name":"Shaded","section":"Shading Mode"},"sceneLighting":false,"audioPlay":false,"sceneViewState":{"showFog":true,"showMaterialUpdate":false,"showSkybox":true,"showFlares":true,"showImageEffects":true,"showParticleSystems":true},"in2DMode":false,"pivot":{"x":273.1419372558594,"y":2.591402530670166,"z":480.92852783203127},"rotation":{"x":0.37211179733276369,"y":-0.010270199738442898,"z":0.00409969175234437,"w":0.9281220436096191},"size":13.109695434570313,"orthographic":false}