{"cameraMode":{"drawMode":0,"name":"Shaded","section":"Shading Mode"},"sceneLighting":false,"audioPlay":false,"sceneViewState":{"showFog":true,"showMaterialUpdate":false,"showSkybox":true,"showFlares":true,"showImageEffects":true,"showParticleSystems":true},"in2DMode":false,"pivot":{"x":14.998974800109864,"y":2.995816707611084,"z":64.27934265136719},"rotation":{"x":0.16943052411079408,"y":-0.3805265426635742,"z":0.07113096117973328,"w":0.9063295722007752},"size":15.148067474365235,"orthographic":false}