{"cameraMode":{"drawMode":0,"name":"Shaded","section":"Shading Mode"},"sceneLighting":false,"audioPlay":false,"sceneViewState":{"showFog":true,"showMaterialUpdate":false,"showSkybox":true,"showFlares":true,"showImageEffects":true,"showParticleSystems":true},"in2DMode":false,"pivot":{"x":7.367443084716797,"y":-0.8000001907348633,"z":3.979039192199707},"rotation":{"x":-0.1807790994644165,"y":-0.272741436958313,"z":0.052259281277656558,"w":-0.9435041546821594},"size":5.041319370269775,"orthographic":false}