{"cameraMode":{"drawMode":0,"name":"Shaded","section":"Shading Mode"},"sceneLighting":false,"audioPlay":false,"sceneViewState":{"showFog":true,"showMaterialUpdate":false,"showSkybox":true,"showFlares":true,"showImageEffects":true,"showParticleSystems":true},"in2DMode":false,"pivot":{"x":6.155696868896484,"y":3.7663586139678957,"z":62.845703125},"rotation":{"x":0.14410971105098725,"y":-0.23219449818134309,"z":0.03482485190033913,"w":0.9613040089607239},"size":7.517731189727783,"orthographic":false}