{"cameraMode":{"drawMode":0,"name":"Shaded","section":"Shading Mode"},"sceneLighting":false,"audioPlay":false,"sceneViewState":{"showFog":true,"showMaterialUpdate":false,"showSkybox":true,"showFlares":true,"showImageEffects":true,"showParticleSystems":true},"in2DMode":false,"pivot":{"x":264.33685302734377,"y":2.4188246726989748,"z":480.6452941894531},"rotation":{"x":0.37211179733276369,"y":-0.010270199738442898,"z":0.00409969175234437,"w":0.9281220436096191},"size":13.466794967651368,"orthographic":false}