{"cameraMode":{"drawMode":0,"name":"Shaded","section":"Shading Mode"},"sceneLighting":false,"audioPlay":false,"sceneViewState":{"showFog":true,"showMaterialUpdate":false,"showSkybox":true,"showFlares":true,"showImageEffects":true,"showParticleSystems":true},"in2DMode":false,"pivot":{"x":72.56672668457031,"y":6.989999771118164,"z":77.33000183105469},"rotation":{"x":-0.2815262973308563,"y":-0.09423811733722687,"z":0.027772659435868264,"w":-0.9545108079910278},"size":2.0111937522888185,"orthographic":false}