{"cameraMode":{"drawMode":0,"name":"Shaded","section":"Shading Mode"},"sceneLighting":false,"audioPlay":false,"sceneViewState":{"showFog":true,"showMaterialUpdate":false,"showSkybox":true,"showFlares":true,"showImageEffects":true,"showParticleSystems":true},"in2DMode":false,"pivot":{"x":24.479829788208009,"y":2.184229850769043,"z":62.4471549987793},"rotation":{"x":-0.30627065896987917,"y":0.11867722868919373,"z":-0.03851383179426193,"w":-0.9437323212623596},"size":32.6090202331543,"orthographic":false}