{"cameraMode":{"drawMode":0,"name":"Shaded","section":"Shading Mode"},"sceneLighting":false,"audioPlay":false,"sceneViewState":{"showFog":true,"showMaterialUpdate":false,"showSkybox":true,"showFlares":true,"showImageEffects":true,"showParticleSystems":true},"in2DMode":false,"pivot":{"x":10.013374328613282,"y":5.127443790435791,"z":63.41394805908203},"rotation":{"x":0.03283717483282089,"y":-0.16564367711544038,"z":0.005534391384571791,"w":0.985623300075531},"size":14.858746528625489,"orthographic":false}