{"cameraMode":{"drawMode":0,"name":"Shaded","section":"Shading Mode"},"sceneLighting":false,"audioPlay":false,"sceneViewState":{"showFog":true,"showMaterialUpdate":false,"showSkybox":true,"showFlares":true,"showImageEffects":true,"showParticleSystems":true},"in2DMode":false,"pivot":{"x":253.07676696777345,"y":2.1588985919952394,"z":481.1781921386719},"rotation":{"x":0.37211179733276369,"y":-0.010270199738442898,"z":0.00409969175234437,"w":0.9281220436096191},"size":8.827406883239746,"orthographic":false}