{"cameraMode":{"drawMode":0,"name":"Shaded","section":"Shading Mode"},"sceneLighting":false,"audioPlay":false,"sceneViewState":{"showFog":true,"showMaterialUpdate":false,"showSkybox":true,"showFlares":true,"showImageEffects":true,"showParticleSystems":true},"in2DMode":false,"pivot":{"x":-58.079952239990237,"y":0.1681000292301178,"z":-8.288697242736817},"rotation":{"x":-0.5294111967086792,"y":0.14473304152488709,"z":-0.09221115708351135,"w":-0.8308268189430237},"size":66.90705108642578,"orthographic":false}