{"cameraMode":{"drawMode":0,"name":"Shaded","section":"Shading Mode"},"sceneLighting":false,"audioPlay":false,"sceneViewState":{"showFog":true,"showMaterialUpdate":false,"showSkybox":true,"showFlares":true,"showImageEffects":true,"showParticleSystems":true},"in2DMode":false,"pivot":{"x":13.556121826171875,"y":5.326201438903809,"z":68.68328094482422},"rotation":{"x":0.03283717483282089,"y":-0.16564367711544038,"z":0.005534391384571791,"w":0.985623300075531},"size":13.286291122436524,"orthographic":false}