{"cameraMode":{"drawMode":0,"name":"Shaded","section":"Shading Mode"},"sceneLighting":false,"audioPlay":false,"sceneViewState":{"showFog":true,"showMaterialUpdate":false,"showSkybox":true,"showFlares":true,"showImageEffects":true,"showParticleSystems":true},"in2DMode":false,"pivot":{"x":293.2015686035156,"y":2.7119054794311525,"z":486.37591552734377},"rotation":{"x":-0.30627065896987917,"y":0.11867722868919373,"z":-0.03851383179426193,"w":-0.9437323212623596},"size":11.978873252868653,"orthographic":false}