{"cameraMode":{"drawMode":0,"name":"Shaded","section":"Shading Mode"},"sceneLighting":true,"audioPlay":false,"sceneViewState":{"showFog":true,"showMaterialUpdate":false,"showSkybox":true,"showFlares":true,"showImageEffects":true,"showParticleSystems":true},"in2DMode":false,"pivot":{"x":12.375757217407227,"y":18.633548736572267,"z":65.98821258544922},"rotation":{"x":-0.13434837758541108,"y":-0.7585377097129822,"z":0.16549423336982728,"w":-0.6157782077789307},"size":28.45113754272461,"orthographic":false}