{"cameraMode":{"drawMode":0,"name":"Shaded","section":"Shading Mode"},"sceneLighting":false,"audioPlay":false,"sceneViewState":{"showFog":true,"showMaterialUpdate":false,"showSkybox":true,"showFlares":true,"showImageEffects":true,"showParticleSystems":true},"in2DMode":false,"pivot":{"x":-31.477575302124025,"y":2.4200000762939455,"z":-1.376223087310791},"rotation":{"x":0.06236791983246803,"y":-0.9366461634635925,"z":0.26557934284210207,"w":0.21970880031585694},"size":13.211552619934082,"orthographic":false}