{"cameraMode":{"drawMode":0,"name":"Shaded","section":"Shading Mode"},"sceneLighting":false,"audioPlay":false,"sceneViewState":{"showFog":true,"showMaterialUpdate":false,"showSkybox":true,"showFlares":true,"showImageEffects":true,"showParticleSystems":true},"in2DMode":false,"pivot":{"x":-13.851980209350586,"y":0.4032028317451477,"z":0.7111042737960815},"rotation":{"x":-0.23135526478290559,"y":-0.4885435402393341,"z":0.13620710372924806,"w":-0.8302093148231506},"size":0.5773972272872925,"orthographic":false}