{"cameraMode":{"drawMode":0,"name":"Shaded","section":"Shading Mode"},"sceneLighting":false,"audioPlay":false,"sceneViewState":{"showFog":true,"showMaterialUpdate":false,"showSkybox":true,"showFlares":true,"showImageEffects":true,"showParticleSystems":true},"in2DMode":false,"pivot":{"x":-76.69000244140625,"y":0.1599999964237213,"z":5.599999904632568},"rotation":{"x":0.4839578866958618,"y":-0.010189736261963845,"z":-0.004780439659953117,"w":-0.8750189542770386},"size":22.0,"orthographic":false}