{"cameraMode":{"drawMode":0,"name":"Shaded","section":"Shading Mode"},"sceneLighting":false,"audioPlay":false,"sceneViewState":{"showFog":true,"showMaterialUpdate":false,"showSkybox":true,"showFlares":true,"showImageEffects":true,"showParticleSystems":true},"in2DMode":false,"pivot":{"x":54.25016403198242,"y":1.0853837728500367,"z":67.9188461303711},"rotation":{"x":0.4839578866958618,"y":-0.010189736261963845,"z":-0.004780439659953117,"w":-0.8750189542770386},"size":4.063824653625488,"orthographic":false}