{"cameraMode":{"drawMode":0,"name":"Shaded","section":"Shading Mode"},"sceneLighting":false,"audioPlay":false,"sceneViewState":{"showFog":true,"showMaterialUpdate":false,"showSkybox":true,"showFlares":true,"showImageEffects":true,"showParticleSystems":true},"in2DMode":false,"pivot":{"x":-23.770000457763673,"y":2.2699999809265138,"z":-3.0900001525878908},"rotation":{"x":-0.09221149235963822,"y":-0.7916773557662964,"z":0.1235772967338562,"w":-0.5911620855331421},"size":11.352773666381836,"orthographic":false}