{"cameraMode":{"drawMode":0,"name":"Shaded","section":"Shading Mode"},"sceneLighting":false,"audioPlay":false,"sceneViewState":{"showFog":true,"showMaterialUpdate":false,"showSkybox":true,"showFlares":true,"showImageEffects":true,"showParticleSystems":true},"in2DMode":false,"pivot":{"x":17.96026611328125,"y":3.489835500717163,"z":60.43280029296875},"rotation":{"x":-0.15129056572914124,"y":-0.38375210762023928,"z":0.06471798568964005,"w":-0.9086567759513855},"size":12.971038818359375,"orthographic":false}