{"cameraMode":{"drawMode":0,"name":"Shaded","section":"Shading Mode"},"sceneLighting":false,"audioPlay":false,"sceneViewState":{"showFog":true,"showMaterialUpdate":false,"showSkybox":true,"showFlares":true,"showImageEffects":true,"showParticleSystems":true},"in2DMode":false,"pivot":{"x":-36.80979537963867,"y":3.6281228065490724,"z":-3.38919734954834},"rotation":{"x":-0.4682713747024536,"y":0.12120256572961807,"z":-0.06419607996940613,"w":-0.8728750944137573},"size":21.417226791381837,"orthographic":false}