{"cameraMode":{"drawMode":0,"name":"Shaded","section":"Shading Mode"},"sceneLighting":false,"audioPlay":false,"sceneViewState":{"showFog":true,"showMaterialUpdate":false,"showSkybox":true,"showFlares":true,"showImageEffects":true,"showParticleSystems":true},"in2DMode":false,"pivot":{"x":-19.969999313354493,"y":1.523906946182251,"z":25.41114044189453},"rotation":{"x":-0.2087908536195755,"y":0.6298070549964905,"z":-0.1800156533718109,"w":-0.7261844277381897},"size":5.128780364990234,"orthographic":false}