{"cameraMode":{"drawMode":0,"name":"Shaded","section":"Shading Mode"},"sceneLighting":false,"audioPlay":false,"sceneViewState":{"showFog":true,"showMaterialUpdate":false,"showSkybox":true,"showFlares":true,"showImageEffects":true,"showParticleSystems":true},"in2DMode":false,"pivot":{"x":14.998974800109864,"y":2.995816707611084,"z":64.27934265136719},"rotation":{"x":-0.15129056572914124,"y":-0.38375210762023928,"z":0.06471798568964005,"w":-0.9086567759513855},"size":10.394588470458985,"orthographic":false}