{"cameraMode":{"drawMode":0,"name":"Shaded","section":"Shading Mode"},"sceneLighting":false,"audioPlay":false,"sceneViewState":{"showFog":true,"showMaterialUpdate":false,"showSkybox":true,"showFlares":true,"showImageEffects":true,"showParticleSystems":true},"in2DMode":false,"pivot":{"x":257.50518798828127,"y":1.606506586074829,"z":481.4106750488281},"rotation":{"x":-0.03788478672504425,"y":0.8768132328987122,"z":-0.06843948364257813,"w":-0.4744253158569336},"size":11.358278274536133,"orthographic":false}