{"cameraMode":{"drawMode":0,"name":"Shaded","section":"Shading Mode"},"sceneLighting":false,"audioPlay":false,"sceneViewState":{"showFog":true,"showMaterialUpdate":false,"showSkybox":true,"showFlares":true,"showImageEffects":true,"showParticleSystems":true},"in2DMode":false,"pivot":{"x":277.6722412109375,"y":2.0679447650909426,"z":480.00006103515627},"rotation":{"x":-0.03788478672504425,"y":0.8768132328987122,"z":-0.06843948364257813,"w":-0.4744253158569336},"size":11.873333930969239,"orthographic":false}