{"cameraMode":{"drawMode":0,"name":"Shaded","section":"Shading Mode"},"sceneLighting":false,"audioPlay":false,"sceneViewState":{"showFog":true,"showMaterialUpdate":false,"showSkybox":true,"showFlares":true,"showImageEffects":true,"showParticleSystems":true},"in2DMode":false,"pivot":{"x":23.90999984741211,"y":8.925110816955567,"z":68.30000305175781},"rotation":{"x":-0.15129056572914124,"y":-0.38375210762023928,"z":0.06471798568964005,"w":-0.9086567759513855},"size":2.922065496444702,"orthographic":false}