{"cameraMode":{"drawMode":0,"name":"Shaded","section":"Shading Mode"},"sceneLighting":true,"audioPlay":false,"sceneViewState":{"showFog":true,"showMaterialUpdate":false,"showSkybox":true,"showFlares":true,"showImageEffects":true,"showParticleSystems":true},"in2DMode":false,"pivot":{"x":11.218171119689942,"y":3.232511043548584,"z":55.69719314575195},"rotation":{"x":-0.15472586452960969,"y":0.7131323218345642,"z":-0.16517475247383119,"w":-0.6634904146194458},"size":11.440742492675782,"orthographic":false}