{"cameraMode":{"drawMode":0,"name":"Shaded","section":"Shading Mode"},"sceneLighting":false,"audioPlay":false,"sceneViewState":{"showFog":true,"showMaterialUpdate":false,"showSkybox":true,"showFlares":true,"showImageEffects":true,"showParticleSystems":true},"in2DMode":false,"pivot":{"x":-68.7901382446289,"y":2.2318813800811769,"z":8.135519027709961},"rotation":{"x":-0.15129056572914124,"y":-0.38375210762023928,"z":0.06471798568964005,"w":-0.9086567759513855},"size":2.8918628692626955,"orthographic":false}