{"cameraMode":{"drawMode":0,"name":"Shaded","section":"Shading Mode"},"sceneLighting":false,"audioPlay":false,"sceneViewState":{"showFog":true,"showMaterialUpdate":false,"showSkybox":true,"showFlares":true,"showImageEffects":true,"showParticleSystems":true},"in2DMode":false,"pivot":{"x":-19.826000213623048,"y":2.505000114440918,"z":26.3700008392334},"rotation":{"x":-0.2087908536195755,"y":0.6298070549964905,"z":-0.1800156533718109,"w":-0.7261844277381897},"size":3.1001529693603517,"orthographic":false}