{"cameraMode":{"drawMode":0,"name":"Shaded","section":"Shading Mode"},"sceneLighting":false,"audioPlay":false,"sceneViewState":{"showFog":true,"showMaterialUpdate":false,"showSkybox":true,"showFlares":true,"showImageEffects":true,"showParticleSystems":true},"in2DMode":false,"pivot":{"x":-22.715614318847658,"y":3.2644386291503908,"z":27.450519561767579},"rotation":{"x":-0.021072953939437867,"y":0.4127580523490906,"z":-0.008730851113796234,"w":-0.9105551242828369},"size":8.191739082336426,"orthographic":false}