{"cameraMode":{"drawMode":0,"name":"Shaded","section":"Shading Mode"},"sceneLighting":false,"audioPlay":false,"sceneViewState":{"showFog":true,"showMaterialUpdate":false,"showSkybox":true,"showFlares":true,"showImageEffects":true,"showParticleSystems":true},"in2DMode":false,"pivot":{"x":-68.44280242919922,"y":-11.273539543151856,"z":26.091880798339845},"rotation":{"x":-0.03788478672504425,"y":0.8768132328987122,"z":-0.06843948364257813,"w":-0.4744253158569336},"size":22.0,"orthographic":false}