{"cameraMode":{"drawMode":0,"name":"Shaded","section":"Shading Mode"},"sceneLighting":false,"audioPlay":false,"sceneViewState":{"showFog":true,"showMaterialUpdate":false,"showSkybox":true,"showFlares":true,"showImageEffects":true,"showParticleSystems":true},"in2DMode":false,"pivot":{"x":-31.50851821899414,"y":3.406625270843506,"z":19.768022537231447},"rotation":{"x":-0.05072206258773804,"y":0.14804168045520783,"z":-0.007544789928942919,"w":-0.9876508712768555},"size":6.286252498626709,"orthographic":false}