{"cameraMode":{"drawMode":0,"name":"Shaded","section":"Shading Mode"},"sceneLighting":false,"audioPlay":false,"sceneViewState":{"showFog":true,"showMaterialUpdate":false,"showSkybox":true,"showFlares":true,"showImageEffects":true,"showParticleSystems":true},"in2DMode":false,"pivot":{"x":-32.26390075683594,"y":0.46211808919906618,"z":5.054880619049072},"rotation":{"x":-0.12410581111907959,"y":0.875866174697876,"z":-0.3359817564487457,"w":-0.32337650656700137},"size":9.209094047546387,"orthographic":false}