{"cameraMode":{"drawMode":0,"name":"Shaded","section":"Shading Mode"},"sceneLighting":false,"audioPlay":false,"sceneViewState":{"showFog":true,"showMaterialUpdate":false,"showSkybox":true,"showFlares":true,"showImageEffects":true,"showParticleSystems":true},"in2DMode":false,"pivot":{"x":293.0253601074219,"y":2.605541706085205,"z":482.3018798828125},"rotation":{"x":-0.15129056572914124,"y":-0.38375210762023928,"z":0.06471798568964005,"w":-0.9086567759513855},"size":13.594615936279297,"orthographic":false}