{"cameraMode":{"drawMode":0,"name":"Shaded","section":"Shading Mode"},"sceneLighting":false,"audioPlay":false,"sceneViewState":{"showFog":true,"showMaterialUpdate":false,"showSkybox":true,"showFlares":true,"showImageEffects":true,"showParticleSystems":true},"in2DMode":false,"pivot":{"x":-8.829317092895508,"y":0.14300000667572022,"z":12.53346061706543},"rotation":{"x":-0.19020064175128938,"y":-0.38564378023147585,"z":0.08240221440792084,"w":-0.8990620374679565},"size":2.9629056453704836,"orthographic":false}