{"cameraMode":{"drawMode":0,"name":"Shaded","section":"Shading Mode"},"sceneLighting":false,"audioPlay":false,"sceneViewState":{"showFog":true,"showMaterialUpdate":false,"showSkybox":true,"showFlares":true,"showImageEffects":true,"showParticleSystems":true},"in2DMode":false,"pivot":{"x":-28.07164764404297,"y":2.240000009536743,"z":-2.795959234237671},"rotation":{"x":0.06236791983246803,"y":-0.9366461634635925,"z":0.26557934284210207,"w":0.21970880031585694},"size":11.513016700744629,"orthographic":false}