{"cameraMode":{"drawMode":0,"name":"Shaded","section":"Shading Mode"},"sceneLighting":false,"audioPlay":false,"sceneViewState":{"showFog":true,"showMaterialUpdate":false,"showSkybox":true,"showFlares":true,"showImageEffects":true,"showParticleSystems":true},"in2DMode":false,"pivot":{"x":-34.42845916748047,"y":1.3773289918899537,"z":-2.330415725708008},"rotation":{"x":-0.0889650359749794,"y":0.9013937711715698,"z":-0.22231559455394746,"w":-0.3607635796070099},"size":8.079855918884278,"orthographic":false}