{"cameraMode":{"drawMode":0,"name":"Shaded","section":"Shading Mode"},"sceneLighting":false,"audioPlay":false,"sceneViewState":{"showFog":true,"showMaterialUpdate":false,"showSkybox":true,"showFlares":true,"showImageEffects":true,"showParticleSystems":true},"in2DMode":false,"pivot":{"x":264.33685302734377,"y":2.4188246726989748,"z":480.6452941894531},"rotation":{"x":-0.03788478672504425,"y":0.8768132328987122,"z":-0.06843948364257813,"w":-0.4744253158569336},"size":13.466794967651368,"orthographic":false}