{"cameraMode":{"drawMode":0,"name":"Shaded","section":"Shading Mode"},"sceneLighting":false,"audioPlay":false,"sceneViewState":{"showFog":true,"showMaterialUpdate":false,"showSkybox":true,"showFlares":true,"showImageEffects":true,"showParticleSystems":true},"in2DMode":false,"pivot":{"x":58.63426208496094,"y":2.355346202850342,"z":64.56732177734375},"rotation":{"x":0.4839578866958618,"y":-0.010189736261963845,"z":-0.004780439659953117,"w":-0.8750189542770386},"size":24.29498863220215,"orthographic":false}