{"cameraMode":{"drawMode":0,"name":"Shaded","section":"Shading Mode"},"sceneLighting":false,"audioPlay":false,"sceneViewState":{"showFog":true,"showMaterialUpdate":false,"showSkybox":true,"showFlares":true,"showImageEffects":true,"showParticleSystems":true},"in2DMode":false,"pivot":{"x":-22.715614318847658,"y":3.2644386291503908,"z":27.450519561767579},"rotation":{"x":0.19519896805286408,"y":-0.7216557264328003,"z":0.22416119277477265,"w":0.6251896619796753},"size":8.191739082336426,"orthographic":false}