{"cameraMode":{"drawMode":0,"name":"Shaded","section":"Shading Mode"},"sceneLighting":false,"audioPlay":false,"sceneViewState":{"showFog":true,"showMaterialUpdate":false,"showSkybox":true,"showFlares":true,"showImageEffects":true,"showParticleSystems":true},"in2DMode":false,"pivot":{"x":273.1419372558594,"y":2.591402530670166,"z":480.92852783203127},"rotation":{"x":-0.03788478672504425,"y":0.8768132328987122,"z":-0.06843948364257813,"w":-0.4744253158569336},"size":13.109695434570313,"orthographic":false}