{"cameraMode":{"drawMode":0,"name":"Shaded","section":"Shading Mode"},"sceneLighting":false,"audioPlay":false,"sceneViewState":{"showFog":true,"showMaterialUpdate":false,"showSkybox":true,"showFlares":true,"showImageEffects":true,"showParticleSystems":true},"in2DMode":false,"pivot":{"x":289.5131530761719,"y":2.405540943145752,"z":483.1599426269531},"rotation":{"x":-0.08085516095161438,"y":0.278669148683548,"z":-0.023540552705526353,"w":-0.9566879272460938},"size":13.138387680053711,"orthographic":false}