{"cameraMode":{"drawMode":0,"name":"Shaded","section":"Shading Mode"},"sceneLighting":false,"audioPlay":false,"sceneViewState":{"showFog":true,"showMaterialUpdate":false,"showSkybox":true,"showFlares":true,"showImageEffects":true,"showParticleSystems":true},"in2DMode":false,"pivot":{"x":0.3798244297504425,"y":-0.2662220597267151,"z":0.028764748945832254},"rotation":{"x":-0.22221454977989198,"y":0.5280036926269531,"z":-0.14544492959976197,"w":-0.8066465258598328},"size":9.670063972473145,"orthographic":false}