{"cameraMode":{"drawMode":0,"name":"Shaded","section":"Shading Mode"},"sceneLighting":true,"audioPlay":false,"sceneViewState":{"showFog":true,"showMaterialUpdate":false,"showSkybox":true,"showFlares":true,"showImageEffects":true,"showParticleSystems":true},"in2DMode":false,"pivot":{"x":-3.4374372959136965,"y":5.575004577636719,"z":-0.6027612686157227},"rotation":{"x":-0.49585649371147158,"y":0.12924648821353913,"z":-0.07490336149930954,"w":-0.8554596900939941},"size":40.010372161865237,"orthographic":false}