{"cameraMode":{"drawMode":0,"name":"Shaded","section":"Shading Mode"},"sceneLighting":false,"audioPlay":false,"sceneViewState":{"showFog":true,"showMaterialUpdate":false,"showSkybox":true,"showFlares":true,"showImageEffects":true,"showParticleSystems":true},"in2DMode":false,"pivot":{"x":4.005442142486572,"y":2.102306365966797,"z":-0.6895971298217773},"rotation":{"x":0.07330810278654099,"y":0.9262211322784424,"z":-0.2762071490287781,"w":0.24586573243141175},"size":13.065634727478028,"orthographic":false}