{"cameraMode":{"drawMode":0,"name":"Shaded","section":"Shading Mode"},"sceneLighting":false,"audioPlay":false,"sceneViewState":{"showFog":true,"showMaterialUpdate":false,"showSkybox":true,"showFlares":true,"showImageEffects":true,"showParticleSystems":true},"in2DMode":false,"pivot":{"x":53.88985824584961,"y":1.1319166421890259,"z":66.37419128417969},"rotation":{"x":-0.3728376030921936,"y":0.05701710283756256,"z":-0.022859681397676469,"w":-0.9258610010147095},"size":4.063824653625488,"orthographic":false}