{"cameraMode":{"drawMode":0,"name":"Shaded","section":"Shading Mode"},"sceneLighting":false,"audioPlay":false,"sceneViewState":{"showFog":true,"showMaterialUpdate":false,"showSkybox":true,"showFlares":true,"showImageEffects":true,"showParticleSystems":true},"in2DMode":false,"pivot":{"x":-68.44280242919922,"y":-11.273539543151856,"z":26.091880798339845},"rotation":{"x":-0.2627011239528656,"y":0.0014374277088791133,"z":-0.00030596161377616227,"w":-0.9648761749267578},"size":22.0,"orthographic":false}