{"cameraMode":{"drawMode":0,"name":"Shaded","section":"Shading Mode"},"sceneLighting":false,"audioPlay":false,"sceneViewState":{"showFog":true,"showMaterialUpdate":false,"showSkybox":true,"showFlares":true,"showImageEffects":true,"showParticleSystems":true},"in2DMode":false,"pivot":{"x":293.0253601074219,"y":2.605541706085205,"z":482.3018798828125},"rotation":{"x":-0.08085516095161438,"y":0.278669148683548,"z":-0.023540552705526353,"w":-0.9566879272460938},"size":13.594615936279297,"orthographic":false}