{"cameraMode":{"drawMode":0,"name":"Shaded","section":"Shading Mode"},"sceneLighting":false,"audioPlay":false,"sceneViewState":{"showFog":true,"showMaterialUpdate":false,"showSkybox":true,"showFlares":true,"showImageEffects":true,"showParticleSystems":true},"in2DMode":false,"pivot":{"x":294.1057434082031,"y":1.8695358037948609,"z":490.4729309082031},"rotation":{"x":-0.08085516095161438,"y":0.278669148683548,"z":-0.023540552705526353,"w":-0.9566879272460938},"size":10.40168571472168,"orthographic":false}