{"cameraMode":{"drawMode":0,"name":"Shaded","section":"Shading Mode"},"sceneLighting":false,"audioPlay":false,"sceneViewState":{"showFog":true,"showMaterialUpdate":false,"showSkybox":true,"showFlares":true,"showImageEffects":true,"showParticleSystems":true},"in2DMode":false,"pivot":{"x":-0.0009000301361083984,"y":-0.0022999048233032228,"z":-0.0004999637603759766},"rotation":{"x":-0.2459050565958023,"y":0.5916751623153687,"z":-0.19589994847774507,"w":-0.7423439621925354},"size":8.755329132080079,"orthographic":false}