{"cameraMode":{"drawMode":0,"name":"Shaded","section":"Shading Mode"},"sceneLighting":false,"audioPlay":false,"sceneViewState":{"showFog":true,"showMaterialUpdate":false,"showSkybox":true,"showFlares":true,"showImageEffects":true,"showParticleSystems":true},"in2DMode":false,"pivot":{"x":13.478400230407715,"y":4.403689861297607,"z":60.06719970703125},"rotation":{"x":0.011729919351637364,"y":0.9841424822807312,"z":-0.07128995656967163,"w":0.1619991958141327},"size":2.658851146697998,"orthographic":false}