{"cameraMode":{"drawMode":0,"name":"Shaded","section":"Shading Mode"},"sceneLighting":false,"audioPlay":false,"sceneViewState":{"showFog":true,"showMaterialUpdate":false,"showSkybox":true,"showFlares":true,"showImageEffects":true,"showParticleSystems":true},"in2DMode":false,"pivot":{"x":10.013374328613282,"y":5.127443790435791,"z":63.41394805908203},"rotation":{"x":0.02328755520284176,"y":-0.9717512726783752,"z":0.10862056910991669,"w":0.20822781324386598},"size":14.858746528625489,"orthographic":false}