{"cameraMode":{"drawMode":0,"name":"Shaded","section":"Shading Mode"},"sceneLighting":false,"audioPlay":false,"sceneViewState":{"showFog":true,"showMaterialUpdate":false,"showSkybox":true,"showFlares":true,"showImageEffects":true,"showParticleSystems":true},"in2DMode":false,"pivot":{"x":72.56672668457031,"y":6.989999771118164,"z":77.33000183105469},"rotation":{"x":-0.2459050565958023,"y":0.5916751623153687,"z":-0.19589994847774507,"w":-0.7423439621925354},"size":2.0111937522888185,"orthographic":false}