{"cameraMode":{"drawMode":0,"name":"Shaded","section":"Shading Mode"},"sceneLighting":false,"audioPlay":false,"sceneViewState":{"showFog":true,"showMaterialUpdate":false,"showSkybox":true,"showFlares":true,"showImageEffects":true,"showParticleSystems":true},"in2DMode":false,"pivot":{"x":22.505889892578126,"y":4.0375542640686039,"z":65.25377655029297},"rotation":{"x":0.02328755520284176,"y":-0.9717512726783752,"z":0.10862056910991669,"w":0.20822781324386598},"size":12.967538833618164,"orthographic":false}