{"cameraMode":{"drawMode":0,"name":"Shaded","section":"Shading Mode"},"sceneLighting":false,"audioPlay":false,"sceneViewState":{"showFog":true,"showMaterialUpdate":false,"showSkybox":true,"showFlares":true,"showImageEffects":true,"showParticleSystems":true},"in2DMode":false,"pivot":{"x":285.66534423828127,"y":4.164906024932861,"z":485.8218994140625},"rotation":{"x":-0.39439231157302859,"y":-0.10617213696241379,"z":0.045942019671201709,"w":-0.9116312861442566},"size":13.639656066894532,"orthographic":false}