{"cameraMode":{"drawMode":0,"name":"Shaded","section":"Shading Mode"},"sceneLighting":false,"audioPlay":false,"sceneViewState":{"showFog":true,"showMaterialUpdate":false,"showSkybox":true,"showFlares":true,"showImageEffects":true,"showParticleSystems":true},"in2DMode":false,"pivot":{"x":253.07676696777345,"y":2.1588985919952394,"z":481.1781921386719},"rotation":{"x":-0.32032427191734316,"y":-0.08086645603179932,"z":0.027543628588318826,"w":-0.9434481859207153},"size":11.271418571472168,"orthographic":false}