{"cameraMode":{"drawMode":0,"name":"Shaded","section":"Shading Mode"},"sceneLighting":false,"audioPlay":false,"sceneViewState":{"showFog":true,"showMaterialUpdate":false,"showSkybox":true,"showFlares":true,"showImageEffects":true,"showParticleSystems":true},"in2DMode":false,"pivot":{"x":1.9279999732971192,"y":0.007000000216066837,"z":4.429999828338623},"rotation":{"x":-0.21673163771629334,"y":0.7323806285858154,"z":-0.27091506123542788,"w":-0.5858763456344605},"size":2.3334522247314455,"orthographic":false}