{"cameraMode":{"drawMode":0,"name":"Shaded","section":"Shading Mode"},"sceneLighting":false,"audioPlay":false,"sceneViewState":{"showFog":true,"showMaterialUpdate":false,"showSkybox":true,"showFlares":true,"showImageEffects":true,"showParticleSystems":true},"in2DMode":false,"pivot":{"x":23.90999984741211,"y":8.925110816955567,"z":68.30000305175781},"rotation":{"x":0.1984819769859314,"y":-0.005245435517281294,"z":0.0010518246563151479,"w":0.9800899624824524},"size":2.922065496444702,"orthographic":false}