{"cameraMode":{"drawMode":0,"name":"Shaded","section":"Shading Mode"},"sceneLighting":false,"audioPlay":false,"sceneViewState":{"showFog":true,"showMaterialUpdate":false,"showSkybox":true,"showFlares":true,"showImageEffects":true,"showParticleSystems":true},"in2DMode":false,"pivot":{"x":277.6722412109375,"y":2.0679447650909426,"z":480.00006103515627},"rotation":{"x":-0.32032427191734316,"y":-0.08086645603179932,"z":0.027543628588318826,"w":-0.9434481859207153},"size":11.873333930969239,"orthographic":false}