{"cameraMode":{"drawMode":0,"name":"Shaded","section":"Shading Mode"},"sceneLighting":false,"audioPlay":false,"sceneViewState":{"showFog":true,"showMaterialUpdate":false,"showSkybox":true,"showFlares":true,"showImageEffects":true,"showParticleSystems":true},"in2DMode":false,"pivot":{"x":8.335938453674317,"y":5.644376277923584,"z":66.74189758300781},"rotation":{"x":-0.06642068922519684,"y":-0.28234371542930605,"z":0.019609056413173677,"w":-0.9568102955818176},"size":13.608366966247559,"orthographic":false}