{"cameraMode":{"drawMode":0,"name":"Shaded","section":"Shading Mode"},"sceneLighting":false,"audioPlay":false,"sceneViewState":{"showFog":true,"showMaterialUpdate":false,"showSkybox":true,"showFlares":true,"showImageEffects":true,"showParticleSystems":true},"in2DMode":false,"pivot":{"x":6.334657669067383,"y":3.431999921798706,"z":-7.295000076293945},"rotation":{"x":-0.2459050565958023,"y":0.5916751623153687,"z":-0.19589994847774507,"w":-0.7423439621925354},"size":1.9804604053497315,"orthographic":false}