{"cameraMode":{"drawMode":0,"name":"Shaded","section":"Shading Mode"},"sceneLighting":false,"audioPlay":false,"sceneViewState":{"showFog":true,"showMaterialUpdate":false,"showSkybox":true,"showFlares":true,"showImageEffects":true,"showParticleSystems":true},"in2DMode":false,"pivot":{"x":14.691474914550782,"y":4.329999923706055,"z":3.340786933898926},"rotation":{"x":-0.21365083754062653,"y":0.7560272216796875,"z":-0.2978561222553253,"w":-0.5422711968421936},"size":9.899995803833008,"orthographic":false}