{"cameraMode":{"drawMode":0,"name":"Shaded","section":"Shading Mode"},"sceneLighting":false,"audioPlay":false,"sceneViewState":{"showFog":true,"showMaterialUpdate":false,"showSkybox":true,"showFlares":true,"showImageEffects":true,"showParticleSystems":true},"in2DMode":false,"pivot":{"x":55.58039093017578,"y":53.3438606262207,"z":57.28398895263672},"rotation":{"x":0.18205636739730836,"y":0.37468546628952029,"z":-0.07530077546834946,"w":0.9059780240058899},"size":194.10386657714845,"orthographic":false}