{"cameraMode":{"drawMode":0,"name":"Shaded","section":"Shading Mode"},"sceneLighting":false,"audioPlay":false,"sceneViewState":{"showFog":true,"showMaterialUpdate":false,"showSkybox":true,"showFlares":true,"showImageEffects":true,"showParticleSystems":true},"in2DMode":false,"pivot":{"x":72.56672668457031,"y":6.989999771118164,"z":77.33000183105469},"rotation":{"x":-0.31528106331825259,"y":0.26638922095298769,"z":-0.09261078387498856,"w":-0.9061224460601807},"size":2.0111937522888185,"orthographic":false}