{"cameraMode":{"drawMode":0,"name":"Shaded","section":"Shading Mode"},"sceneLighting":false,"audioPlay":false,"sceneViewState":{"showFog":true,"showMaterialUpdate":false,"showSkybox":true,"showFlares":true,"showImageEffects":true,"showParticleSystems":true},"in2DMode":false,"pivot":{"x":-76.5999984741211,"y":0.6600000262260437,"z":8.390000343322754},"rotation":{"x":-0.3728376030921936,"y":0.05701710283756256,"z":-0.022859681397676469,"w":-0.9258610010147095},"size":22.0,"orthographic":false}