{"cameraMode":{"drawMode":0,"name":"Shaded","section":"Shading Mode"},"sceneLighting":false,"audioPlay":false,"sceneViewState":{"showFog":true,"showMaterialUpdate":false,"showSkybox":true,"showFlares":true,"showImageEffects":true,"showParticleSystems":true},"in2DMode":false,"pivot":{"x":13.556121826171875,"y":5.326201438903809,"z":68.68328094482422},"rotation":{"x":-0.09444650262594223,"y":0.06819421052932739,"z":-0.006476241629570723,"w":-0.993170440196991},"size":13.286291122436524,"orthographic":false}