{"cameraMode":{"drawMode":0,"name":"Shaded","section":"Shading Mode"},"sceneLighting":false,"audioPlay":false,"sceneViewState":{"showFog":true,"showMaterialUpdate":false,"showSkybox":true,"showFlares":true,"showImageEffects":true,"showParticleSystems":true},"in2DMode":false,"pivot":{"x":18.010000228881837,"y":4.606256008148193,"z":60.44200134277344},"rotation":{"x":-0.028841834515333177,"y":0.7069037556648254,"z":-0.02885928563773632,"w":-0.7061319947242737},"size":5.761904716491699,"orthographic":false}