{"cameraMode":{"drawMode":0,"name":"Shaded","section":"Shading Mode"},"sceneLighting":false,"audioPlay":false,"sceneViewState":{"showFog":true,"showMaterialUpdate":false,"showSkybox":true,"showFlares":true,"showImageEffects":true,"showParticleSystems":true},"in2DMode":false,"pivot":{"x":7.5778045654296879,"y":1.3920267820358277,"z":3.050814390182495},"rotation":{"x":-0.21351724863052369,"y":0.5561942458152771,"z":-0.1505223959684372,"w":-0.7889242172241211},"size":4.1413187980651859,"orthographic":false}