{"cameraMode":{"drawMode":0,"name":"Shaded","section":"Shading Mode"},"sceneLighting":false,"audioPlay":false,"sceneViewState":{"showFog":true,"showMaterialUpdate":false,"showSkybox":true,"showFlares":true,"showImageEffects":true,"showParticleSystems":true},"in2DMode":false,"pivot":{"x":18.333316802978517,"y":3.786201000213623,"z":64.73993682861328},"rotation":{"x":0.02328755520284176,"y":-0.9717512726783752,"z":0.10862056910991669,"w":0.20822781324386598},"size":13.350942611694336,"orthographic":false}