{"cameraMode":{"drawMode":0,"name":"Shaded","section":"Shading Mode"},"sceneLighting":false,"audioPlay":false,"sceneViewState":{"showFog":true,"showMaterialUpdate":false,"showSkybox":true,"showFlares":true,"showImageEffects":true,"showParticleSystems":true},"in2DMode":false,"pivot":{"x":58.63426208496094,"y":2.355346202850342,"z":64.56732177734375},"rotation":{"x":-0.3728376030921936,"y":0.05701710283756256,"z":-0.022859681397676469,"w":-0.9258610010147095},"size":24.29498863220215,"orthographic":false}