{"cameraMode":{"drawMode":0,"name":"Shaded","section":"Shading Mode"},"sceneLighting":false,"audioPlay":false,"sceneViewState":{"showFog":true,"showMaterialUpdate":false,"showSkybox":true,"showFlares":true,"showImageEffects":true,"showParticleSystems":true},"in2DMode":false,"pivot":{"x":0.03923226147890091,"y":18.59688377380371,"z":3.077765941619873},"rotation":{"x":-0.1750340312719345,"y":-0.5929228067398071,"z":0.13409358263015748,"w":-0.7744834423065186},"size":3.318274736404419,"orthographic":false}