{"cameraMode":{"drawMode":0,"name":"Shaded","section":"Shading Mode"},"sceneLighting":false,"audioPlay":false,"sceneViewState":{"showFog":true,"showMaterialUpdate":false,"showSkybox":true,"showFlares":true,"showImageEffects":true,"showParticleSystems":true},"in2DMode":false,"pivot":{"x":14.949999809265137,"y":5.305001258850098,"z":64.18000030517578},"rotation":{"x":-0.09701735526323319,"y":0.8220768570899963,"z":-0.1473076492547989,"w":-0.5413665175437927},"size":4.702192783355713,"orthographic":false}