{"cameraMode":{"drawMode":0,"name":"Shaded","section":"Shading Mode"},"sceneLighting":false,"audioPlay":false,"sceneViewState":{"showFog":true,"showMaterialUpdate":false,"showSkybox":true,"showFlares":true,"showImageEffects":true,"showParticleSystems":true},"in2DMode":false,"pivot":{"x":18.057575225830079,"y":5.286196708679199,"z":64.29953002929688},"rotation":{"x":-0.08085516095161438,"y":0.278669148683548,"z":-0.023540552705526353,"w":-0.9566879272460938},"size":6.645235538482666,"orthographic":false}