{"cameraMode":{"drawMode":0,"name":"Shaded","section":"Shading Mode"},"sceneLighting":false,"audioPlay":false,"sceneViewState":{"showFog":true,"showMaterialUpdate":false,"showSkybox":true,"showFlares":true,"showImageEffects":true,"showParticleSystems":true},"in2DMode":false,"pivot":{"x":5.007169246673584,"y":5.470620155334473,"z":2.8710057735443117},"rotation":{"x":0.033479079604148868,"y":0.9665037393569946,"z":-0.1776808798313141,"w":0.18215182423591615},"size":7.831482410430908,"orthographic":false}