{"cameraMode":{"drawMode":0,"name":"Shaded","section":"Shading Mode"},"sceneLighting":false,"audioPlay":false,"sceneViewState":{"showFog":true,"showMaterialUpdate":false,"showSkybox":true,"showFlares":true,"showImageEffects":true,"showParticleSystems":true},"in2DMode":false,"pivot":{"x":-0.4242427349090576,"y":5.3540544509887699,"z":65.67290496826172},"rotation":{"x":-0.21010136604309083,"y":-0.03415554761886597,"z":0.007353550288826227,"w":-0.9770551323890686},"size":9.379278182983399,"orthographic":false}