{"cameraMode":{"drawMode":0,"name":"Shaded","section":"Shading Mode"},"sceneLighting":true,"audioPlay":false,"sceneViewState":{"showFog":true,"showMaterialUpdate":false,"showSkybox":true,"showFlares":true,"showImageEffects":true,"showParticleSystems":true},"in2DMode":false,"pivot":{"x":22.857507705688478,"y":5.7899169921875,"z":67.92305755615235},"rotation":{"x":0.0035778777673840524,"y":-0.9825120568275452,"z":0.18520019948482514,"w":0.018923744559288026},"size":16.677165985107423,"orthographic":false}