{"cameraMode":{"drawMode":0,"name":"Shaded","section":"Shading Mode"},"sceneLighting":false,"audioPlay":false,"sceneViewState":{"showFog":true,"showMaterialUpdate":false,"showSkybox":true,"showFlares":true,"showImageEffects":true,"showParticleSystems":true},"in2DMode":false,"pivot":{"x":264.33685302734377,"y":2.4188246726989748,"z":480.6452941894531},"rotation":{"x":-0.32032427191734316,"y":-0.08086645603179932,"z":0.027543628588318826,"w":-0.9434481859207153},"size":13.466794967651368,"orthographic":false}