{"cameraMode":{"drawMode":0,"name":"Shaded","section":"Shading Mode"},"sceneLighting":false,"audioPlay":false,"sceneViewState":{"showFog":true,"showMaterialUpdate":false,"showSkybox":true,"showFlares":true,"showImageEffects":true,"showParticleSystems":true},"in2DMode":false,"pivot":{"x":-8.829317092895508,"y":0.14299999177455903,"z":12.533158302307129},"rotation":{"x":0.05888910964131355,"y":0.9324415326118469,"z":-0.3088308274745941,"w":0.17806844413280488},"size":3.2282333374023439,"orthographic":false}