{"cameraMode":{"drawMode":0,"name":"Shaded","section":"Shading Mode"},"sceneLighting":false,"audioPlay":false,"sceneViewState":{"showFog":true,"showMaterialUpdate":false,"showSkybox":true,"showFlares":true,"showImageEffects":true,"showParticleSystems":true},"in2DMode":false,"pivot":{"x":6.170722007751465,"y":5.188481330871582,"z":63.7783203125},"rotation":{"x":0.02328755520284176,"y":-0.9717512726783752,"z":0.10862056910991669,"w":0.20822781324386598},"size":39.63908767700195,"orthographic":false}