{"cameraMode":{"drawMode":0,"name":"Shaded","section":"Shading Mode"},"sceneLighting":false,"audioPlay":false,"sceneViewState":{"showFog":true,"showMaterialUpdate":false,"showSkybox":true,"showFlares":true,"showImageEffects":true,"showParticleSystems":true},"in2DMode":false,"pivot":{"x":294.24224853515627,"y":2.5151963233947756,"z":481.6800537109375},"rotation":{"x":-0.39439231157302859,"y":-0.10617213696241379,"z":0.045942019671201709,"w":-0.9116312861442566},"size":11.826168060302735,"orthographic":false}