{"cameraMode":{"drawMode":0,"name":"Shaded","section":"Shading Mode"},"sceneLighting":false,"audioPlay":false,"sceneViewState":{"showFog":true,"showMaterialUpdate":false,"showSkybox":true,"showFlares":true,"showImageEffects":true,"showParticleSystems":true},"in2DMode":false,"pivot":{"x":289.6357421875,"y":2.9124398231506349,"z":483.6129150390625},"rotation":{"x":-0.32032427191734316,"y":-0.08086645603179932,"z":0.027543628588318826,"w":-0.9434481859207153},"size":11.357653617858887,"orthographic":false}