{"cameraMode":{"drawMode":0,"name":"Shaded","section":"Shading Mode"},"sceneLighting":false,"audioPlay":false,"sceneViewState":{"showFog":true,"showMaterialUpdate":false,"showSkybox":true,"showFlares":true,"showImageEffects":true,"showParticleSystems":true},"in2DMode":false,"pivot":{"x":273.1419372558594,"y":2.591402530670166,"z":480.92852783203127},"rotation":{"x":-0.32032427191734316,"y":-0.08086645603179932,"z":0.027543628588318826,"w":-0.9434481859207153},"size":13.109695434570313,"orthographic":false}