{"cameraMode":{"drawMode":0,"name":"Shaded","section":"Shading Mode"},"sceneLighting":false,"audioPlay":false,"sceneViewState":{"showFog":true,"showMaterialUpdate":false,"showSkybox":true,"showFlares":true,"showImageEffects":true,"showParticleSystems":true},"in2DMode":false,"pivot":{"x":3.4534084796905519,"y":4.911439418792725,"z":25.41229820251465},"rotation":{"x":0.000010451242815179285,"y":-0.9999646544456482,"z":-0.0011875126510858536,"w":-0.00839262455701828},"size":0.442496657371521,"orthographic":false}