{"cameraMode":{"drawMode":0,"name":"Shaded","section":"Shading Mode"},"sceneLighting":false,"audioPlay":false,"sceneViewState":{"showFog":true,"showMaterialUpdate":false,"showSkybox":true,"showFlares":true,"showImageEffects":true,"showParticleSystems":true},"in2DMode":false,"pivot":{"x":0.9590001106262207,"y":0.5809550285339356,"z":3.5850000381469728},"rotation":{"x":-0.028138719499111177,"y":-0.8521152138710022,"z":-0.04605955630540848,"w":0.5205636024475098},"size":3.7863261699676515,"orthographic":false}