{"cameraMode":{"drawMode":0,"name":"Shaded","section":"Shading Mode"},"sceneLighting":false,"audioPlay":false,"sceneViewState":{"showFog":true,"showMaterialUpdate":false,"showSkybox":true,"showFlares":true,"showImageEffects":true,"showParticleSystems":true},"in2DMode":false,"pivot":{"x":0.6661878824234009,"y":3.411592483520508,"z":6.844392776489258},"rotation":{"x":0.04614296928048134,"y":-0.9440599679946899,"z":0.1502736657857895,"w":0.289895623922348},"size":4.041658401489258,"orthographic":false}