{"cameraMode":{"drawMode":0,"name":"Shaded","section":"Shading Mode"},"sceneLighting":false,"audioPlay":false,"sceneViewState":{"showFog":true,"showMaterialUpdate":false,"showSkybox":true,"showFlares":true,"showImageEffects":true,"showParticleSystems":true},"in2DMode":false,"pivot":{"x":93.65359497070313,"y":105.47334289550781,"z":-35.931758880615237},"rotation":{"x":-0.11948306113481522,"y":-0.8038484454154968,"z":0.17262761294841767,"w":-0.5566994547843933},"size":120.62084197998047,"orthographic":false}