{"cameraMode":{"drawMode":0,"name":"Shaded","section":"Shading Mode"},"sceneLighting":true,"audioPlay":false,"sceneViewState":{"showFog":true,"showMaterialUpdate":false,"showSkybox":true,"showFlares":true,"showImageEffects":true,"showParticleSystems":true},"in2DMode":false,"pivot":{"x":2.1792192459106447,"y":1.3713586330413819,"z":2.771146535873413},"rotation":{"x":0.19576631486415864,"y":-0.7201968431472778,"z":0.2252008467912674,"w":0.6263837218284607},"size":5.945135593414307,"orthographic":false}