{"cameraMode":{"drawMode":0,"name":"Shaded","section":"Shading Mode"},"sceneLighting":false,"audioPlay":false,"sceneViewState":{"showFog":true,"showMaterialUpdate":false,"showSkybox":true,"showFlares":true,"showImageEffects":true,"showParticleSystems":true},"in2DMode":false,"pivot":{"x":0.5448205471038818,"y":0.35873591899871828,"z":-1.761568307876587},"rotation":{"x":0.027316832914948465,"y":0.9726729393005371,"z":-0.1652751863002777,"w":0.1607646346092224},"size":4.041658401489258,"orthographic":false}