{"cameraMode":{"drawMode":0,"name":"Shaded","section":"Shading Mode"},"sceneLighting":false,"audioPlay":false,"sceneViewState":{"showFog":true,"showMaterialUpdate":false,"showSkybox":true,"showFlares":true,"showImageEffects":true,"showParticleSystems":true},"in2DMode":false,"pivot":{"x":6.210514545440674,"y":-5.471302509307861,"z":6.762773036956787},"rotation":{"x":-0.06828204542398453,"y":0.8480439782142639,"z":-0.5135223865509033,"w":-0.1125473827123642},"size":-7.322028160095215,"orthographic":false}