{"cameraMode":{"drawMode":0,"name":"Shaded","section":"Shading Mode"},"sceneLighting":false,"audioPlay":false,"sceneViewState":{"showFog":true,"showMaterialUpdate":false,"showSkybox":true,"showFlares":true,"showImageEffects":true,"showParticleSystems":true},"in2DMode":false,"pivot":{"x":8.281911849975586,"y":-8.261716842651368,"z":-28.488611221313478},"rotation":{"x":-0.03200944885611534,"y":-0.9642578959465027,"z":0.22405597567558289,"w":-0.13774828612804414},"size":41.64811706542969,"orthographic":false}