{"cameraMode":{"drawMode":0,"name":"Shaded","section":"Shading Mode"},"sceneLighting":false,"audioPlay":false,"sceneViewState":{"showFog":true,"showMaterialUpdate":false,"showSkybox":true,"showFlares":true,"showImageEffects":true,"showParticleSystems":true},"in2DMode":false,"pivot":{"x":1.4101611375808716,"y":0.4301604628562927,"z":4.690433979034424},"rotation":{"x":0.11242125183343888,"y":0.5163523554801941,"z":-0.06846275180578232,"w":0.8463209271430969},"size":2.458706855773926,"orthographic":false}