{"cameraMode":{"drawMode":0,"name":"Shaded","section":"Shading Mode"},"sceneLighting":false,"audioPlay":false,"sceneViewState":{"showFog":true,"showMaterialUpdate":false,"showSkybox":true,"showFlares":true,"showImageEffects":true,"showParticleSystems":true},"in2DMode":false,"pivot":{"x":0.7736539840698242,"y":3.6018667221069338,"z":2.354280471801758},"rotation":{"x":-0.042983606457710269,"y":-0.9202277064323425,"z":0.10565219819545746,"w":-0.37439215183258059},"size":7.625895977020264,"orthographic":false}