{"cameraMode":{"drawMode":0,"name":"Shaded","section":"Shading Mode"},"sceneLighting":false,"audioPlay":false,"sceneViewState":{"showFog":true,"showMaterialUpdate":false,"showSkybox":true,"showFlares":true,"showImageEffects":true,"showParticleSystems":true},"in2DMode":false,"pivot":{"x":4.108626365661621,"y":6.027443885803223,"z":65.75706481933594},"rotation":{"x":-0.15010207891464234,"y":-0.58424973487854,"z":0.11103684455156326,"w":-0.7898052930831909},"size":14.858747482299805,"orthographic":false}