{"cameraMode":{"drawMode":0,"name":"Shaded","section":"Shading Mode"},"sceneLighting":true,"audioPlay":false,"sceneViewState":{"showFog":true,"showMaterialUpdate":false,"showSkybox":true,"showFlares":true,"showImageEffects":true,"showParticleSystems":true},"in2DMode":false,"pivot":{"x":2.2471866607666017,"y":-3.3801517486572267,"z":4.663724422454834},"rotation":{"x":-0.3019547164440155,"y":-0.5344424247741699,"z":0.21225818991661073,"w":-0.7604671716690064},"size":19.205780029296876,"orthographic":false}