{"cameraMode":{"drawMode":0,"name":"Shaded","section":"Shading Mode"},"sceneLighting":false,"audioPlay":false,"sceneViewState":{"showFog":true,"showMaterialUpdate":false,"showSkybox":true,"showFlares":true,"showImageEffects":true,"showParticleSystems":true},"in2DMode":false,"pivot":{"x":7.367443084716797,"y":-0.8000001907348633,"z":3.979039192199707},"rotation":{"x":-0.26724857091903689,"y":0.40955138206481936,"z":-0.12682810425758363,"w":-0.8629950881004334},"size":9.89999771118164,"orthographic":false}