{"cameraMode":{"drawMode":0,"name":"Shaded","section":"Shading Mode"},"sceneLighting":false,"audioPlay":false,"sceneViewState":{"showFog":true,"showMaterialUpdate":false,"showSkybox":true,"showFlares":true,"showImageEffects":true,"showParticleSystems":true},"in2DMode":false,"pivot":{"x":5.709315299987793,"y":4.743990421295166,"z":2.9573044776916506},"rotation":{"x":-0.15010207891464234,"y":-0.58424973487854,"z":0.11103684455156326,"w":-0.7898052930831909},"size":13.061518669128418,"orthographic":false}