{"cameraMode":{"drawMode":0,"name":"Shaded","section":"Shading Mode"},"sceneLighting":true,"audioPlay":false,"sceneViewState":{"showFog":true,"showMaterialUpdate":false,"showSkybox":true,"showFlares":true,"showImageEffects":true,"showParticleSystems":true},"in2DMode":false,"pivot":{"x":-0.7187055945396423,"y":-8.875657081604004,"z":26.50316047668457},"rotation":{"x":0.193176731467247,"y":-0.015011904761195183,"z":0.003165247617289424,"w":0.9811602234840393},"size":32.109188079833987,"orthographic":false}