{"cameraMode":{"drawMode":0,"name":"Shaded","section":"Shading Mode"},"sceneLighting":false,"audioPlay":false,"sceneViewState":{"showFog":true,"showMaterialUpdate":false,"showSkybox":true,"showFlares":true,"showImageEffects":true,"showParticleSystems":true},"in2DMode":false,"pivot":{"x":5.601019859313965,"y":1.44525146484375,"z":30.885360717773439},"rotation":{"x":0.11285368353128433,"y":0.30367544293403628,"z":-0.036252185702323917,"w":0.9453739523887634},"size":1.657503366470337,"orthographic":false}