{"cameraMode":{"drawMode":0,"name":"Shaded","section":"Shading Mode"},"sceneLighting":false,"audioPlay":false,"sceneViewState":{"showFog":true,"showMaterialUpdate":false,"showSkybox":true,"showFlares":true,"showImageEffects":true,"showParticleSystems":true},"in2DMode":false,"pivot":{"x":110.27188873291016,"y":96.04999542236328,"z":-13.552694320678711},"rotation":{"x":-0.0846652239561081,"y":-0.7646360993385315,"z":0.10271969437599182,"w":-0.6306934952735901},"size":113.4055404663086,"orthographic":false}