{"cameraMode":{"drawMode":0,"name":"Shaded","section":"Shading Mode"},"sceneLighting":false,"audioPlay":false,"sceneViewState":{"showFog":true,"showMaterialUpdate":false,"showSkybox":true,"showFlares":true,"showImageEffects":true,"showParticleSystems":true},"in2DMode":false,"pivot":{"x":-0.3977327346801758,"y":6.03848123550415,"z":65.5907211303711},"rotation":{"x":-0.26724857091903689,"y":0.40955138206481936,"z":-0.12682810425758363,"w":-0.8629950881004334},"size":13.838640213012696,"orthographic":false}