{"cameraMode":{"drawMode":0,"name":"Shaded","section":"Shading Mode"},"sceneLighting":false,"audioPlay":false,"sceneViewState":{"showFog":true,"showMaterialUpdate":false,"showSkybox":true,"showFlares":true,"showImageEffects":true,"showParticleSystems":true},"in2DMode":false,"pivot":{"x":-0.5216484069824219,"y":3.3557636737823488,"z":-0.5551967620849609},"rotation":{"x":0.04457268491387367,"y":-0.6163831949234009,"z":-0.03498019650578499,"w":-0.7854053378105164},"size":11.85457706451416,"orthographic":false}