{"cameraMode":{"drawMode":0,"name":"Shaded","section":"Shading Mode"},"sceneLighting":false,"audioPlay":false,"sceneViewState":{"showFog":true,"showMaterialUpdate":false,"showSkybox":true,"showFlares":true,"showImageEffects":true,"showParticleSystems":true},"in2DMode":false,"pivot":{"x":1.9279999732971192,"y":0.007000000216066837,"z":4.429999828338623},"rotation":{"x":0.13477812707424165,"y":-0.831710696220398,"z":0.2302018254995346,"w":0.4871090352535248},"size":2.3334522247314455,"orthographic":false}