{"cameraMode":{"drawMode":0,"name":"Shaded","section":"Shading Mode"},"sceneLighting":false,"audioPlay":false,"sceneViewState":{"showFog":true,"showMaterialUpdate":false,"showSkybox":true,"showFlares":true,"showImageEffects":true,"showParticleSystems":true},"in2DMode":false,"pivot":{"x":1.7659363746643067,"y":1.7390570640563965,"z":3.90708065032959},"rotation":{"x":0.057567302137613299,"y":-0.8764119148254395,"z":0.10834494233131409,"w":0.4656710624694824},"size":4.986326694488525,"orthographic":false}