{"cameraMode":{"drawMode":0,"name":"Shaded","section":"Shading Mode"},"sceneLighting":false,"audioPlay":false,"sceneViewState":{"showFog":true,"showMaterialUpdate":false,"showSkybox":true,"showFlares":true,"showImageEffects":true,"showParticleSystems":true},"in2DMode":false,"pivot":{"x":0.2450447380542755,"y":17.31842613220215,"z":3.4819915294647219},"rotation":{"x":0.0025216296780854465,"y":0.9902807474136353,"z":-0.13784542679786683,"w":0.01812417432665825},"size":12.99375057220459,"orthographic":false}