{"cameraMode":{"drawMode":0,"name":"Shaded","section":"Shading Mode"},"sceneLighting":false,"audioPlay":false,"sceneViewState":{"showFog":true,"showMaterialUpdate":false,"showSkybox":true,"showFlares":true,"showImageEffects":true,"showParticleSystems":true},"in2DMode":false,"pivot":{"x":0.4031260907649994,"y":2.1503069400787355,"z":-0.5302683115005493},"rotation":{"x":0.01000275369733572,"y":-0.9899868369102478,"z":0.09714045375585556,"w":0.10193581134080887},"size":7.007436275482178,"orthographic":false}