{"cameraMode":{"drawMode":0,"name":"Shaded","section":"Shading Mode"},"sceneLighting":true,"audioPlay":false,"sceneViewState":{"showFog":true,"showMaterialUpdate":false,"showSkybox":true,"showFlares":true,"showImageEffects":true,"showParticleSystems":true},"in2DMode":false,"pivot":{"x":2.160874128341675,"y":2.941324234008789,"z":4.337845325469971},"rotation":{"x":-0.07989008724689484,"y":0.9035230278968811,"z":-0.19287167489528657,"w":-0.3742516338825226},"size":0.6665476560592651,"orthographic":false}