{"cameraMode":{"drawMode":0,"name":"Shaded","section":"Shading Mode"},"sceneLighting":false,"audioPlay":false,"sceneViewState":{"showFog":true,"showMaterialUpdate":false,"showSkybox":true,"showFlares":true,"showImageEffects":true,"showParticleSystems":true},"in2DMode":false,"pivot":{"x":5.246971130371094,"y":-0.02463698387145996,"z":31.025428771972658},"rotation":{"x":-0.013532509095966816,"y":-0.9859995245933533,"z":0.1012335792183876,"w":-0.13180914521217347},"size":22.561336517333986,"orthographic":false}