{"cameraMode":{"drawMode":0,"name":"Shaded","section":"Shading Mode"},"sceneLighting":false,"audioPlay":false,"sceneViewState":{"showFog":true,"showMaterialUpdate":false,"showSkybox":true,"showFlares":true,"showImageEffects":true,"showParticleSystems":true},"in2DMode":false,"pivot":{"x":1.2693099975585938,"y":1.4528453350067139,"z":0.46902918815612795},"rotation":{"x":0.03436759114265442,"y":-0.9493699669837952,"z":0.11192683130502701,"w":0.29152682423591616},"size":2.745234251022339,"orthographic":false}