{"cameraMode":{"drawMode":0,"name":"Shaded","section":"Shading Mode"},"sceneLighting":false,"audioPlay":false,"sceneViewState":{"showFog":true,"showMaterialUpdate":false,"showSkybox":true,"showFlares":true,"showImageEffects":true,"showParticleSystems":true},"in2DMode":false,"pivot":{"x":8.335938453674317,"y":5.632242202758789,"z":66.78921508789063},"rotation":{"x":-0.15010207891464234,"y":-0.58424973487854,"z":0.11103684455156326,"w":-0.7898052930831909},"size":13.708462715148926,"orthographic":false}