{"cameraMode":{"drawMode":0,"name":"Shaded","section":"Shading Mode"},"sceneLighting":false,"audioPlay":false,"sceneViewState":{"showFog":true,"showMaterialUpdate":false,"showSkybox":true,"showFlares":true,"showImageEffects":true,"showParticleSystems":true},"in2DMode":false,"pivot":{"x":13.511472702026368,"y":5.326201438903809,"z":68.68328094482422},"rotation":{"x":-0.15010207891464234,"y":-0.58424973487854,"z":0.11103684455156326,"w":-0.7898052930831909},"size":13.350940704345704,"orthographic":false}