{"cameraMode":{"drawMode":0,"name":"Shaded","section":"Shading Mode"},"sceneLighting":false,"audioPlay":false,"sceneViewState":{"showFog":true,"showMaterialUpdate":false,"showSkybox":true,"showFlares":true,"showImageEffects":true,"showParticleSystems":true},"in2DMode":false,"pivot":{"x":23.90999984741211,"y":8.98603630065918,"z":68.30000305175781},"rotation":{"x":0.011745509691536427,"y":-0.9859971404075623,"z":0.14630702137947083,"w":0.07915326207876206},"size":2.5030736923217775,"orthographic":false}