{"cameraMode":{"drawMode":0,"name":"Shaded","section":"Shading Mode"},"sceneLighting":false,"audioPlay":false,"sceneViewState":{"showFog":true,"showMaterialUpdate":false,"showSkybox":true,"showFlares":true,"showImageEffects":true,"showParticleSystems":true},"in2DMode":false,"pivot":{"x":1.929805040359497,"y":1.6791062355041505,"z":0.09731125831604004},"rotation":{"x":0.011763868853449822,"y":-0.9849082231521606,"z":0.07435763627290726,"w":0.15584741532802583},"size":2.745234251022339,"orthographic":false}