{"cameraMode":{"drawMode":0,"name":"Shaded","section":"Shading Mode"},"sceneLighting":false,"audioPlay":false,"sceneViewState":{"showFog":true,"showMaterialUpdate":false,"showSkybox":true,"showFlares":true,"showImageEffects":true,"showParticleSystems":true},"in2DMode":false,"pivot":{"x":0.09862613677978516,"y":2.2069718837738039,"z":-0.09293556213378906},"rotation":{"x":-0.16440974175930024,"y":0.7501481175422669,"z":-0.2030220627784729,"w":-0.6074848175048828},"size":13.289624214172364,"orthographic":false}